level,topic
Lv 1,Boolean Logic
Lv 2,Boolean Logic
Lv 3,Boolean Logic
Lv 4,Boolean Logic
Lv 5,Boolean Logic
Lv 6,Boolean Logic
Lv 7,Boolean Logic
Lv 8,Boolean Logic
Lv 9,Boolean Logic
Lv 10,Boolean Logic
Lv 11,Object Properties
Lv 12,Object Properties
Lv 13,Object Properties
Lv 14,Object Properties
Lv 15,Object Properties
Lv 16,Object Properties
Lv 17,Object Properties
Lv 18,Object Properties
Lv 19,Object Properties
Lv 20,Object Properties
Lv 21,Loop Control
Lv 22,Loop Control
Lv 23,Loop Control
Lv 24,Loop Control
Lv 25,Loop Control
Lv 26,Loop Control
Lv 27,Loop Control
Lv 28,Interactive Flags
Lv 29,Interactive Flags
Lv 30,Interactive Flags
Lv 31,Interactive Flags
Lv 32,Interactive Flags
